{"Width":1063.3333333333333,"Height":715.33333333333326}